[{
    "linksId" : "1",
    "linksName" : "layui - 经典模块化前端框架",
    "linksUrl" : "http://www.layui.com",
    "masterEmail" : "xianxin@layui.com",
    "linksTime" : "2017-05-14",
    "showAddress" : "首页"
},{
    "linksId" : "2",
    "linksName" : "layer官方演示与讲解",
    "linksUrl" : "http://layer.layui.com",
    "masterEmail" : "xianxin@layer.com",
    "linksTime" : "2017-05-15",
    "showAddress" : "子页"
},{
    "linksId" : "3",
    "linksName" : "layui - 前端框架官方社区",
    "linksUrl" : "http://fly.layui.com",
    "masterEmail" : "xianxin@fly.com",
    "linksTime" : "2017-05-12",
    "showAddress" : "子页"
}]