{
    "cmsName": "layui后台管理模版",
    "version": "1.0.0",
    "author": "请叫我马哥",
    "homePage": "page/index.html",
    "server": "windows",
    "dataBase": "8.00.2039",
    "maxUpload": "2M",
    "userRights": "总管理员",
    "description": "这是马哥闲来无事做的一套基于layui的cms模版，纯静态页面，不包含数据库",
    "powerby": "copyright @2017 请叫我马哥",
    "record": "京ICP备14040xxx号-1",
    "keywords": "layui，马哥，cms，模版"
}